{
  "val_pixel_acc_ex_bg": 0.6731151342391968,
  "val_mdice_ex_bg": 0.29863980412483215,
  "val_miou_ex_bg": 0.2043609470129013,
  "seg_map50": 0.33328309682530505,
  "seg_map50_95": 0.18640282699453345,
  "box_map50": 0.38364159423604666,
  "box_map50_95": 0.2787168999523045,
  "num_val_images": 1158,
  "imgsz": 384,
  "conf_threshold": 0.25
}