epoch,train_loss,val_loss,val_pixel_acc_ex_bg,val_mdice_ex_bg,val_miou_ex_bg
1,3.652622938156128,3.792818546295166,0.01667676493525505,0.0022838229779154062,0.0011969456681981683
