epoch,train_loss,val_loss,val_pixel_acc_ex_bg,val_mdice_ex_bg,val_miou_ex_bg
1,0.17238104925850123,0.12042710128916453,0.49947017431259155,0.285391241312027,0.19859732687473297
2,0.12245500610741626,0.1189084007621628,0.4881623387336731,0.2778376042842865,0.18944355845451355
3,0.1171709294646435,0.11815385020350756,0.5269246101379395,0.31056922674179077,0.21452243626117706
4,0.1112655759482092,0.11079475528573336,0.551494836807251,0.3255019187927246,0.22939515113830566
5,0.10877790321631234,0.12058853373339731,0.49659356474876404,0.29705938696861267,0.20343725383281708
6,0.10736198977764493,0.11554368141375176,0.49657782912254333,0.2967468798160553,0.20436379313468933
7,0.10264060669545957,0.11357930914996421,0.49208590388298035,0.31973251700401306,0.21956779062747955
